Workbook

Sheet 1-Study Identification
A1: Study Identification
A2: Study ID | B2: Title | C2: DOI | D2: Year
A3: SCOPUS-000349 | B3: Drone-Aided Detection of Weeds: Transfer Learning for Embedded Image Processing | C3: 10.1109/JSTARS.2022.3224657 | D3: 2022
A4: SCOPUS-000473 | B4: ConvNeXt based semi-supervised approach with consistency regularization for weeds classification | C4: 10.1016/j.eswa.2023.122222 | D4: 2024
A5: SCOPUS-000722 | B5: DeepVeg- Deep Learning Model for Segmentation of Weed, Canola, and Canola Flea Beetle Damage | C5: 10.1109/ACCESS.2021.3108003 | D5: 2021
A6: SCOPUS-000153 | B6: UNET-SA: A Spatial Attention Enhanced UNET for Crop–Weed Segmentation in UAV-Based Pigeon Pea Fields | C6: 10.32985/ijeces.17.4.1 | D6: 2026
A7: SCOPUS-000522 | B7: Intelligent Weed Management Based on Object Detection Neural Networks in Tomato Crops | C7: 10.3390/agronomy12122953 | D7: 2022
A8: SCOPUS-000487 | B8: Multi-Spectral Image Synthesis for Crop/Weed Segmentation in Precision Farming | C8: 10.1016/j.robot.2021.103861 | D8: 2021
A9: SCOPUS-000328 | B9: Multi-level feature re-weighted fusion for the semantic segmentation of crops and weeds | C9: 10.1016/j.jksuci.2023.03.023 | D9: 2023
A10: SCOPUS-000256 | B10: Real-Time Detection and Localization of Weeds in Dictamnus dasycarpus Fields for Laser-Based Weeding Control | C10: 10.3390/agronomy14102363 | D10: 2024
A11: SCOPUS-000234 | B11: YOLOv8 Model for Weed Detection in Wheat Fields Based on a Visual Converter and Multi-Scale Feature Fusion | C11: 10.3390/s24134379 | D11: 2024
A12: SCOPUS-000220 | B12: YOLO-SW: A Real-Time Weed Detection Model for Soybean Fields Using Swin Transformer and RT-DETR | C12: 10.3390/agronomy15071712 | D12: 2025
A13: SCOPUS-000211 | B13: HAD-YOLO: An Accurate and Effective Weed Detection Model Based on Improved YOLOV5 Network | C13: 10.3390/agronomy15010057 | D13: 2025
... A154: SCOPUS-000753 | B154: Weed detection in canola fields using maximum likelihood classification and deep convolutional neural network | C154: 10.1016/j.inpa.2019.12.002 | D154: 2020
A155: WEBSCI-000421 | B155: Benchmarking Optimizers in Transfer Learning for Automated Weed Image Recognition | D155: 2025
A156: WEBSCI-000559 | B156: Fine-grained weed recognition using Swin Transformer and two-stage transfer learning | C156: 10.3389/fpls.2023.1134932 | D156: 2023

Sheet 2-Application Context
A1: Application Context
A2: Study ID | B2: Task | C2: Crop | D2: Environment
A3: SCOPUS-000349 | B3: Segmentation | C3: None | D3: UAV aerial
A4: SCOPUS-000473 | B4: Classification | C4: Mixed | D4: Field
A5: SCOPUS-000722 | B5: Segmentation | C5: Canola | D5: Field
A6: SCOPUS-000153 | B6: Segmentation | C6: Pigeon pea | D6: Field: mobile camera (1,634 images) and UAV drone (93 images)
A7: SCOPUS-000522 | B7: Detection | C7: Tomato | D7: Field
A8: SCOPUS-000487 | B8: Segmentation | C8: Mixed | D8: Field
A9: SCOPUS-000328 | B9: Segmentation | C9: Mixed | D9: Field
A10: SCOPUS-000256 | B10: Detection | C10: Dictamnus dasycarpus | D10: Field
A11: SCOPUS-000234 | B11: Detection | C11: Wheat | D11: Field
A12: SCOPUS-000220 | B12: Detection | C12: Soybean | D12: Field
A13: SCOPUS-000211 | B13: Detection | C13: None | D13: Field
... A156: WEBSCI-000559 | B156: Classification | C156: Maize | D156: Field

Sheet 4-Dataset Characteristics
A1: Dataset Characteristics
A2: Study ID | B2: Dataset | C2: Dataset Availability | D2: Dataset Size | E2: Country
A3: SCOPUS-000349 | C3: Public | D3: >20,000 training crops; 83 evaluation crops
A4: SCOPUS-000473 | B4: DeepWeeds, 4-Weeds dataset, and CIFAR-10 | C4: Public | D4: 17509 | E4: Australia
A5: SCOPUS-000722 | B5: Canola field image dataset | C5: Private | D5: 384 | E5: Canada
A6: SCOPUS-000153 | B6: Pigeon Pea dataset | D6: 1727 | E6: India
A7: SCOPUS-000522 | C7: Private | D7: 1713 | E7: Spain
A8: SCOPUS-000487 | B8: Bonn dataset | C8: Public | D8: 2100 | E8: Germany
A9: SCOPUS-000328 | B9: BoniRob, CWFID, and Rice seedling datasets | D9: 776
A10: SCOPUS-000256 | B10: Dictamnus dasycarpus Weed Dataset | C10: On Request | D10: 3048 | E10: China
A11: SCOPUS-000234 | B11: Wheat Weed Dataset | C11: Private | D11: 4536 | E11: China
A12: SCOPUS-000220 | B12: Soybean weed dataset | C12: Public | D12: 1095 | E12: China
A13: SCOPUS-000211 | B13: National Precision Agriculture Research and Demonstration Base dataset | C13: On Request | D13: 1982 | E13: China
A14: SCOPUS-000195 | B14: Saffron weed dataset | C14: On Request | D14: 504 | E14: Iran
A15: SCOPUS-000139 | B15: Sugar beet dataset | C15: Public | D15: 2074 | E15: Germany
A16: SCOPUS-000045 | B16: Bonn sugar beet dataset | C16: Public | D16: 1600 | E16: Germany
A17: SCOPUS-000031 | B17: CropAndWeed Dataset and SB20 Dataset | C17: Public | D17: 7795 | E17: Germany
A18: SCOPUS-000014 | B18: CropAndWeed Dataset | C18: Public | D18: 7705 | E18: Austria
A19: SCOPUS-000544 | B19: Maize weed dataset | C19: Private | D19: 5856 | E19: China
A20: SCOPUS-000151 | C20: On Request | D20: 8000 | E20: China
A21: SCOPUS-000592 | C21: On Request | D21: 300 | E21: China
A22: SCOPUS-000629 | C22: On Request | D22: 884 | E22: Spain
A23: SCOPUS-000475 | B23: Sugarbeets2016 and Flourish Sapienza Datasets | C23: Public | D23: 465 | E23: Germany, Italy
A24: SCOPUS-000399 | B24: sPSD and ISAS (Institute for Sustainable Agro-ecosystem Services) dataset | C24: Public | D24: 6094 | E24: Denmark, Japan
A25: SCOPUS-000323 | B25: SorghumWeedDataset_Classification | C25: Public | D25: 4312
A26: SCOPUS-000295 | C26: Private | D26: 1500 | E26: China
A27: SCOPUS-000611 | B27: Combined dataset | C27: Public | D27: 13177 | E27: China
A28: SCOPUS-000738 | B28: Agrocam, Red Edge, and Parrot Sequoia datasets | C28: Public | D28: 679 | E28: Pakistan, Switzerland, Germany
A29: SCOPUS-000114 | B29: Custom image dataset | C29: Public | D29: 11500
A30: SCOPUS-000366 | B30: Kaggle Potato Weed Plants Classification | C30: Public | D30: 411
A31: SCOPUS-000286 | B31: Lily field image dataset | C31: On Request | D31: 1200 | E31: China
A32: SCOPUS-000283 | B32: Maize and weed dataset | C32: On Request | D32: 4465 | E32: China
A33: SCOPUS-000276 | B33: DeepWeeds | C33: Public | D33: 17509
A34: SCOPUS-000246 | B34: Custom paddy weed dataset (laboratory and field subsets) | D34: 3800 | E34: China
A35: SCOPUS-000599 | B35: Oil palm plantation weed dataset | D35: 2377 | E35: Malaysia
A36: SCOPUS-000280 | B36: Sesame dataset and Crop and Weed Detection Data with Bounding Boxes | C36: Public | D36: 4122
A37: SCOPUS-000063 | C37: On Request | D37: 7662 | E37: China
A38: SCOPUS-000017 | B38: CoFly-WeedDB and Sorghum Fields | C38: Public | D38: 7086 | E38: Greece, Germany
A39: SCOPUS-000244 | B39: DeepWeeds and CottonWeedID15 | C39: Public | D39: 22696 | E39: USA, Australia
A40: SCOPUS-000064 | C40: On Request | D40: 1308 | E40: Ethiopia
A41: SCOPUS-000320 | B41: Cotton weed dataset | C41: Public | D41: 9249 | E41: USA
A42: SCOPUS-000086 | B42: MS-COCO, CottonWeedDet12, CropAndWeed, Palmer Amaranth, RadishWheat, and RoboWeedMap | C42: Public
A43: SCOPUS-000652 | B43: Bathurst burr, horehound, thistle, and tussock datasets | C43: Private | E43: Australia
A44: SCOPUS-000146 | B44: Weedcube | C44: Public | D44: 1072 | E44: USA
A45: SCOPUS-000407 | B45: Custom weed dataset | C45: Private | D45: 3170 | E45: China
A46: SCOPUS-000352 | B46: Corn weed datasets | C46: Public | D46: 1024 | E46: China
A47: SCOPUS-000175 | B47: CottonWeedDet12 and Lincoln beet | C47: Public | D47: 10053 | E47: USA, United Kingdom
A48: SCOPUS-000574 | B48: Bean field dataset | C48: Public | D48: 2530 | E48: South Korea
A49: SCOPUS-000358 | B49: Rice seedling/weed dataset and BoniRob dataset | C49: On Request | D49: 1700 | E49: China
A50: SCOPUS-000265 | B50: Rapeseed weed dataset | C50: On Request | D50: 5000 | E50: China
A51: SCOPUS-000563 | B51: Pakistani weed dataset | C51: Public | D51: 9000 | E51: Pakistan
A52: SCOPUS-000433 | B52: Original dataset | C52: On Request | D52: 542 | E52: China
A53: SCOPUS-000333 | B53: High-resolution digital images | C53: On Request | D53: 660 | E53: USA
A54: SCOPUS-000391 | B54: Quadcopter dataset | C54: Public | D54: 2700 | E54: Pakistan
A55: SCOPUS-000637 | B55: Agricultural robot dataset | C55: Public | D55: 4500 | E55: Germany
... A58: SCOPUS-000713 | B58: Sugar beet and Oilseed datasets | C58: Public | D58: 351 | E58: Germany, China
A59: SCOPUS-000448 | B59: Multi-class weed dataset | C59: Public | D59: 400
A60: SCOPUS-000375 | B60: Custom wheat weed dataset | C60: On Request | D60: 2614 | E60: China
A61: SCOPUS-000261 | B61: DeepWeeds | C61: Public | D61: 17509 | E61: Australia
A62: SCOPUS-000584 | B62: Custom maize weed dataset | C62: Private | D62: 1000 | E62: China
A63: WEBSCI-000524 | B63: CWFID and Weeds dataset | C63: Public | D63: 72
A64: SCOPUS-000370 | B64: DeepWeeds, Cotton weed, Corn weed, Cotton Tomato weed | C64: Public | D64: 29204 | E64: Australia, USA, Greece
A65: SCOPUS-000706 | B65: Custom UAV imagery dataset | C65: Private | D65: 1092 | E65: China
A66: SCOPUS-000013 | B66: Ronin_OPEN_DB, Data1 (Self-collected), and Data2 (Self-collected) | C66: Public | D66: 1950 | E66: China
A67: SCOPUS-000642 | B67: Weed25 | C67: Public | D67: 14035
A68: SCOPUS-000132 | C68: Private | D68: 4828 | E68: USA
A69: SCOPUS-000121 | B69: GZWeed | C69: Public | D69: 108 | E69: China
A70: SCOPUS-000267 | B70: Ground field and UAV maize datasets | C70: On Request | D70: 10000 | E70: Belgium
A71: SCOPUS-000074 | B71: CWFID, Sugar Beet, Sunflower | C71: Public | D71: 2006
A72: SCOPUS-000107 | B72: CWFID | C72: Public | D72: 60
A73: SCOPUS-000142 | B73: Paddy field weed dataset | C73: On Request | D73: 1979 | E73: China
A74: SCOPUS-000193 | B74: Weed-Crop dataset | C74: Public | D74: 1120 | E74: USA
A75: SCOPUS-000092 | B75: Custom sugarcane–Guinea Grass dataset and CropAndWeed benchmark | C75: Private | D75: 10975 | E75: Australia
A76: SCOPUS-000296 | B76: Bok Choy Seedling Dataset | C76: On Request | D76: 1050 | E76: China
A77: SCOPUS-000255 | B77: Corn Seedling Dataset | C77: On Request | D77: 80 | E77: China
A78: SCOPUS-000223 | B78: CornWeed12 and custom six-weeds dataset | C78: On Request | D78: 2085 | E78: USA, China
A79: SCOPUS-000216 | B79: Horseradish and weed dataset | C79: On Request | D79: 2696 | E79: USA
A80: SCOPUS-000168 | B80: Hyperspectral image dataset | C80: On Request | D80: 225 | E80: Kazakhstan
A81: SCOPUS-000143 | B81: Tobacco field dataset | C81: Private | D81: 307 | E81: Türkiye
A82: SCOPUS-000066 | B82: Sugarcane-weed dataset | C82: Public | D82: 23100 | E82: China
A83: SCOPUS-000015 | B83: WeedMap and Sesame Aerial dataset | C83: Public | E83: Switzerland
A84: SCOPUS-000180 | B84: Sesame Weed Inspection Dataset | C84: Public | D84: 1300
A85: SCOPUS-000065 | B85: tobacco weed UAV-based dataset | C85: Public
A86: SCOPUS-000030 | B86: ACRE 2023 Competition Dataset | C86: Public | D86: 2069 | E86: France
A87: WEBSCI-000402 | B87: Field dataset | D87: 1260 | E87: India
A88: SCOPUS-000312 | B88: Crop and weed detection data | C88: Public | D88: 1300
A89: SCOPUS-000300 | B89: WeedCAM dataset | C89: On Request | D89: 5734 | E89: USA
A90: SCOPUS-000099 | B90: Maize-weed field dataset | C90: Private | D90: 2088 | E90: China
A91: SCOPUS-000287 | B91: DRONEWEED | C91: Public | D91: 1460 | E91: Spain
A92: SCOPUS-000172 | B92: 3W-Pro | C92: Public | D92: 11312
A93: SCOPUS-000290 | B93: Custom soybean-field weed dataset | D93: 3200 | E93: China
A94: SCOPUS-000274 | B94: DeepWeeds | C94: Public | D94: 17509 | E94: Australia
A95: SCOPUS-000084 | B95: Sidewalk weed dataset | C95: On Request | D95: 3000 | E95: China
A96: SCOPUS-000131 | B96: Custom cornfield weed dataset | C96: Private | D96: 3042 | E96: China
A97: SCOPUS-000001 | B97: Multiple weed species detection (cocklebur, dandelion, waterhemp, Palmer amaranth, lambsquarters) | C97: Public | D97: 1018 | E97: USA
A98: SCOPUS-000012 | B98: Unnamed 4-weed growth-stage RGB/ROI set (C. album, D. botrys, L. serriola, S. oleraceus; 448 photos) | C98: Private | D98: 448 | E98: Turkey
A99: SCOPUS-000027 | B99: 441 UAV RGB soybean images with weed boxes (Rehman et al., 2024) | C99: Public | D99: 441
A100: SCOPUS-000047 | B100: Qseed-12 (12 quarantine/non-quarantine weed seed species; Hikvision 1280×960) | C100: On Request | D100: 2440 | E100: China
A101: SCOPUS-000049 | B101: DeepWeeds (9 classes including Negative; 8 Queensland sites) | C101: Public | D101: 17509 | E101: Australia
A102: SCOPUS-000059 | B102: Groundnut weed dataset (Veeragandham and Santhi; 16 classes) | C102: Public | D102: 24816 | E102: India
...

Sheet 5-Barrier Coding
A1: Training Data Barriers
A2: Barriers identified in each paper
A3: Study ID | B3: Study Instance ID | C3: Barrier Category | D3: Modules | E3: Barriers
A4: SCOPUS-000349 | B4: SCOPUS-000349-1 | C4: TECHNICAL | D4: Dual-camera setup | E4: Computational Resource
A5: SCOPUS-000349 | B5: SCOPUS-000349-2 | C5: IMAGING | D5: Multispectral cameras | E5: Image Alignment
A6: SCOPUS-000473 | B6: SCOPUS-000473-1 | C6: DATA | D6: Efficientnet-V2-L | E6: Data Scarcity
A7: SCOPUS-000473 | B7: SCOPUS-000473-2 | C7: ENVIRONMENTAL | D7: Efficientnet-V2-L | E7: Environmental Variation
A8: SCOPUS-000722 | B8: SCOPUS-000722-1 | C8: DATA | D8: DeepLabV3+ | E8: Class Imbalance
A9: SCOPUS-000153 | B9: SCOPUS-000153-1 | C9: DATA | D9: UNet | E9: Annotation
A10: SCOPUS-000153 | B10: SCOPUS-000153-2 | C10: IMAGING | D10: UNet | E10: Small Object Detection
A11: SCOPUS-000522 | B11: SCOPUS-000522-1 | C11: ENVIRONMENTAL | D11: YOLOv7 | E11: Background Complexity
A12: SCOPUS-000522 | B12: SCOPUS-000522-2 | C12: DATA | D12: YOLOv7 | E12: Data Scarcity
A13: SCOPUS-000487 | B13: SCOPUS-000487-1 | C13: DATA | D13: SegNet Original | E13: Data Scarcity
A14: SCOPUS-000328 | B14: SCOPUS-000328-1 | C14: ENVIRONMENTAL | E14: Background Complexity
A15: SCOPUS-000256 | B15: SCOPUS-000256-1 | C15: TECHNICAL | D15: YOLOv7-tiny | E15: Feature Representation
A16: SCOPUS-000256 | B16: SCOPUS-000256-2 | C16: IMAGING | D16: YOLOv7-tiny | E16: Image Quality
A17: SCOPUS-000234 | B17: SCOPUS-000234-1 | C17: IMAGING | D17: YOLOv3 | E17: Scale Variation
A18: SCOPUS-000220 | B18: SCOPUS-000220-1 | C18: ENVIRONMENTAL | D18: YOLOv8 | E18: Background Complexity
A19: SCOPUS-000220 | B19: SCOPUS-000220-2 | C19: IMAGING | D19: Bilinear interpolation | E19: Small Object Detection
A20: SCOPUS-000211 | B20: SCOPUS-000211-1 | C20: IMAGING | D20: YOLOV5 | E20: Small Object Detection
A21: SCOPUS-000195 | B21: SCOPUS-000195-1 | C21: IMAGING | D21: Base EfficientNetB0 | E21: Visual Similarity
A22: SCOPUS-000139 | B22: SCOPUS-000139-1 | C22: DATA | D22: YOLOv10n | E22: Data Scarcity
A23: SCOPUS-000139 | B23: SCOPUS-000139-2 | C23: ENVIRONMENTAL | D23: YOLOv10n | E23: Background Complexity
A24: SCOPUS-000045 | B24: SCOPUS-000045-1 | C24: DATA | D24: Bonnet | E24: Class Imbalance
A25: SCOPUS-000031 | B25: SCOPUS-000031-1 | C25: TECHNICAL | D25: FCN | E25: Feature Representation
A26: SCOPUS-000014 | B26: SCOPUS-000014-1 | C26: IMAGING | D26: RetinaNet | E26: Visual Similarity
... A59: SCOPUS-000064 | B59: SCOPUS-000064-2 | C59: IMAGING | D59: Fast R-CNN | E59: Image Quality
A60: SCOPUS-000320 | B60: SCOPUS-000320-1 | C60: DATA | E60: Class Imbalance
A61: SCOPUS-000086 | B61: SCOPUS-000086-1 | C61: DATA | D61: Supervised | E61: Data Scarcity
A62: SCOPUS-000652 | B62: SCOPUS-000652-1 | C62: IMAGING | D62: Vegetation Index | E62: Visual Similarity
A63: SCOPUS-000652 | B63: SCOPUS-000652-2 | C63: ENVIRONMENTAL | E63: Occlusion
A64: SCOPUS-000146 | B64: SCOPUS-000146-1 | C64: TECHNICAL | D64: VGG-16 | E64: Computational Resource
A65: SCOPUS-000146 | B65: SCOPUS-000146-2 | C65: TECHNICAL | D65: Unfolded/tabular HSI approaches | E65: Feature Representation
A66: SCOPUS-000407 | B66: SCOPUS-000407-1 | C66: ENVIRONMENTAL | D66: Yolov7 | E66: Background Complexity
A67: SCOPUS-000352 | B67: SCOPUS-000352-1 | C67: TECHNICAL | D67: UNet | E67: Computational Resource
A68: SCOPUS-000352 | B68: SCOPUS-000352-2 | C68: DATA | E68: Data Scarcity
A69: SCOPUS-000175 | B69: SCOPUS-000175-1 | C69: IMAGING | D69: YOLOv8n | E69: Visual Similarity
A70: SCOPUS-000175 | B70: SCOPUS-000175-2 | C70: ENVIRONMENTAL | E70: Occlusion
A71: SCOPUS-000574 | B71: SCOPUS-000574-1 | C71: ENVIRONMENTAL | D71: DeepLab V3+ | E71: Domain Shift
A72: SCOPUS-000358 | B72: SCOPUS-000358-1 | C72: IMAGING | D72: SegNet | E72: Visual Similarity
A73: SCOPUS-000265 | B73: SCOPUS-000265-1 | C73: ENVIRONMENTAL | D73: Faster RCNN | E73: Occlusion
A74: SCOPUS-000265 | B74: SCOPUS-000265-2 | C74: IMAGING | D74: Faster RCNN | E74: Scale Variation
A75: SCOPUS-000563 | B75: SCOPUS-000563-1 | C75: TECHNICAL | D75: SSD-ResNet | E75: Inference Efficiency
A76: SCOPUS-000563 | B76: SCOPUS-000563-2 | C76: IMAGING | D76: SSD-ResNet | E76: Small Object Detection
A77: SCOPUS-000433 | B77: SCOPUS-000433-1 | C77: IMAGING | D77: SVM | E77: Visual Similarity
A78: SCOPUS-000433 | B78: SCOPUS-000433-2 | C78: TECHNICAL | D78: Faster-RCNN | E78: Model Generalization
A79: SCOPUS-000333 | B79: SCOPUS-000333-1 | C79: DATA | D79: GAN-based | E79: Data Scarcity
A80: SCOPUS-000333 | B80: SCOPUS-000333-2 | C80: DATA | D80: GAN-based | E80: Annotation
A81: SCOPUS-000391 | B81: SCOPUS-000391-1 | C81: DATA | D81: SVM | E81: Annotation
A82: SCOPUS-000391 | B82: SCOPUS-000391-2 | C82: IMAGING | D82: KNN | E82: Visual Similarity
... A108: SCOPUS-000642 | B108: SCOPUS-000642-1 | C108: TECHNICAL | D108: YOLOv8 | E108: Computational Resource
A109: SCOPUS-000132 | B109: SCOPUS-000132-1 | C109: IMAGING | E109: Visual Similarity
A110: SCOPUS-000132 | B110: SCOPUS-000132-2 | C110: ENVIRONMENTAL | E110: Environmental Variation
A111: SCOPUS-000132 | B111: SCOPUS-000132-3 | C111: TECHNICAL | D111: Deep learning models | E111: Computational Resource
A112: SCOPUS-000121 | B112: SCOPUS-000121-1 | C112: IMAGING | D112: RT-DETR | E112: Scale Variation
A113: SCOPUS-000121 | B113: SCOPUS-000121-2 | C113: DATA | D113: Focal loss | E113: Class Imbalance
A114: SCOPUS-000267 | B114: SCOPUS-000267-1 | C114: ENVIRONMENTAL | D114: Separate ground/UAV processing | E114: Domain Shift
A115: SCOPUS-000267 | B115: SCOPUS-000267-2 | C115: DATA | D115: Standard cross-entropy loss | E115: Class Imbalance
A116: SCOPUS-000013 | B116: SCOPUS-000013-3 | C116: IMAGING | D116: YOLOv7 | E116: Visual Similarity
A117: SCOPUS-000013 | B117: SCOPUS-000013-4 | C117: IMAGING | D117: YOLOv7 | E117: Small Object Detection
A118: SCOPUS-000013 | B118: SCOPUS-000013-5 | C118: DATA | D118: YOLOv7 | E118: Class Imbalance
A119: SCOPUS-000246 | B119: SCOPUS-000246-2 | C119: ENVIRONMENTAL | D119: ESL | E119: Background Complexity
A120: SCOPUS-000246 | B120: SCOPUS-000246-3 | C120: ENVIRONMENTAL | D120: ESL | E120: Occlusion
A121: SCOPUS-000246 | B121: SCOPUS-000246-4 | C121: IMAGING | D121: ESL | E121: Small Object Detection
A122: SCOPUS-000574 | B122: SCOPUS-000574-2 | C122: IMAGING | D122: DeepLab V3+ | E122: Visual Similarity
... A141: SCOPUS-000114 | B141: SCOPUS-000114-3 | C141: TECHNICAL | D141: SVM | E141: Computational Resource
A142: SCOPUS-000132 | B142: SCOPUS-000132-4 | C142: DATA | E142: Class Imbalance
A143: SCOPUS-000333 | B143: SCOPUS-000333-3 | C143: ENVIRONMENTAL | D143: GAN-based | E143: Background Complexity
A144: SCOPUS-000333 | B144: SCOPUS-000333-4 | C144: ENVIRONMENTAL | D144: GAN-based | E144: Occlusion
A145: SCOPUS-000333 | B145: SCOPUS-000333-5 | C145: ENVIRONMENTAL | D145: GAN-based | E145: Morphological Variation
A146: SCOPUS-000323 | B146: SCOPUS-000323-2 | C146: DATA | D146: AlexNet | E146: Data Scarcity
A147: SCOPUS-000323 | B147: SCOPUS-000323-3 | C147: ENVIRONMENTAL | D147: AlexNet | E147: Environmental Variation
A148: SCOPUS-000063 | B148: SCOPUS-000063-3 | C148: TECHNICAL | D148: FasterRCNN (VGG16) | E148: Computational Resource
A149: SCOPUS-000063 | B149: SCOPUS-000063-4 | C149: IMAGING | D149: FasterRCNN (VGG16) | E149: Image Quality
A150: SCOPUS-000175 | B150: SCOPUS-000175-3 | C150: ENVIRONMENTAL | D150: YOLOv8n | E150: Morphological Variation
A151: SCOPUS-000370 | B151: SCOPUS-000370-5 | C151: DATA | D151: Traditional approach | E151: Data Scarcity
A152: SCOPUS-000370 | B152: SCOPUS-000370-6 | C152: ENVIRONMENTAL | D152: Traditional approach | E152: Background Complexity
A153: SCOPUS-000391 | B153: SCOPUS-000391-4 | C153: TECHNICAL | D153: SVM | E153: Computational Resource
A154: SCOPUS-000391 | B154: SCOPUS-000391-5 | C154: DATA | D154: SVM | E154: Data Scarcity
... A164: SCOPUS-000722 | B164: SCOPUS-000722-4 | C164: ENVIRONMENTAL | D164: DeepLabV3+ | E164: Background Complexity
A165: SCOPUS-000328 | B165: SCOPUS-000328-2 | C165: IMAGING | E165: Visual Similarity
A166: SCOPUS-000328 | B166: SCOPUS-000328-3 | C166: ENVIRONMENTAL | E166: Occlusion
A167: SCOPUS-000328 | B167: SCOPUS-000328-4 | C167: TECHNICAL | D167: Deep CNN backbones / self-attention networks | E167: Computational Resource
A168: SCOPUS-000280 | B168: SCOPUS-000280-2 | C168: IMAGING | D168: YOLOv8n | E168: Visual Similarity
A169: SCOPUS-000280 | B169: SCOPUS-000280-3 | C169: ENVIRONMENTAL | D169: YOLOv8n | E169: Background Complexity
A170: SCOPUS-000280 | B170: SCOPUS-000280-4 | C170: ENVIRONMENTAL | D170: YOLOv8n | E170: Environmental Variation
A171: SCOPUS-000261 | B171: SCOPUS-000261-3 | C171: DATA | D171: Models trained from scratch | E171: Data Scarcity
A172: SCOPUS-000261 | B172: SCOPUS-000261-4 | C172: TECHNICAL | D172: Models trained from scratch | E172: Computational Resource
A173: SCOPUS-000487 | B173: SCOPUS-000487-2 | C173: DATA | D173: SegNet Original | E173: Annotation
A174: SCOPUS-000286 | B174: SCOPUS-000286-2 | C174: ENVIRONMENTAL | D174: Faster-RCNN | E174: Environmental Variation
A175: SCOPUS-000286 | B175: SCOPUS-000286-3 | C175: ENVIRONMENTAL | D175: Faster-RCNN | E175: Background Complexity
A176: SCOPUS-000153 | B176: SCOPUS-000153-4 | C176: ENVIRONMENTAL | D176: UNet | E176: Occlusion
A177: SCOPUS-000153 | B177: SCOPUS-000153-5 | C177: IMAGING | D177: UNet | E177: Visual Similarity
A178: SCOPUS-000153 | B178: SCOPUS-000153-6 | C178: ENVIRONMENTAL | D178: UNet | E178: Background Complexity
... A227: SCOPUS-000223 | B227: SCOPUS-000223-1 | C227: ENVIRONMENTAL | D227: YOLOv9t | E227: Occlusion
A228: SCOPUS-000216 | B228: SCOPUS-000216-1 | C228: DATA | E228: Class Imbalance
A229: SCOPUS-000216 | B229: SCOPUS-000216-2 | C229: TECHNICAL | D229: YOLOv12-medium | E229: Computational Resource
A230: SCOPUS-000168 | B230: SCOPUS-000168-1 | C230: DATA | D230: Neural Network | E230: Class Imbalance
A231: SCOPUS-000168 | B231: SCOPUS-000168-2 | C231: IMAGING | D231: Neural Network | E231: Visual Similarity
A232: SCOPUS-000143 | B232: SCOPUS-000143-1 | C232: DATA | D232: RetinaNet | E232: Class Imbalance
...

Sheet 6-Mitigation Strategy Coding
A1: Mitigation Strategies
A2: Mitigation used for each barrier
A3: Study ID | B3: Study Instance ID | C3: Mitigation Category | D3: Mitigations
A4: SCOPUS-000349 | B4: SCOPUS-000349-1 | C4: Data-Centric | D4: Transfer Learning
A5: SCOPUS-000349 | B5: SCOPUS-000349-2 | C5: Architectural | D5: Architecture Modification
A6: SCOPUS-000473 | B6: SCOPUS-000473-1 | C6: Architectural | D6: Architecture Modification
A7: SCOPUS-000473 | B7: SCOPUS-000473-2 | C7: Architectural | D7: Loss Function Modification
A8: SCOPUS-000722 | B8: SCOPUS-000722-1 | C8: Architectural | D8: Loss Function Modification
A9: SCOPUS-000153 | B9: SCOPUS-000153-1 | C9: Data-Centric | D9: Data Processing
A10: SCOPUS-000153 | B10: SCOPUS-000153-2 | C10: Architectural | D10: Attention Mechanism
A11: SCOPUS-000522 | B11: SCOPUS-000522-1 | C11: Architectural | D11: Architecture Modification
A12: SCOPUS-000522 | B12: SCOPUS-000522-2 | C12: Data-Centric | D12: Data Augmentation
A13: SCOPUS-000487 | B13: SCOPUS-000487-1 | C13: Data-Centric | D13: Synthetic Data Generation
A14: SCOPUS-000328 | B14: SCOPUS-000328-1 | C14: Architectural | D14: Attention Mechanism
... A462: WEBSCI-000559 | B462: WEBSCI-000559-4 | C462: Data-Centric | D462: Data Augmentation

Sheet 7-Baseline Performance Results
A1: Barriers-Results
A2: One primary baseline per study/task; performance gains in tab 8 are shown only for verified matched comparisons.
A3: Study ID | B3: Study Instance ID | C3: Baseline Modules | D3: Metric | E3: Metric Family | F3: Baseline (%)
A4: SCOPUS-000349 | B4: SCOPUS-000349-1 | C4: SynthNoRGN (frame-trained, test-field orthophoto) | D4: mIoU | E4: mIoU | F4: 54.5
A5: SCOPUS-000473 | B5: SCOPUS-000473-2 | C5: ConvNeXt-Base-SSL without skip connections | D5: Accuracy | E5: Accuracy | F5: 91.09
A6: SCOPUS-000722 | B6: SCOPUS-000722-1 | C6: DeepLabV3+ VGG19 | D6: mIoU | E6: mIoU | F6: 56.4739
A7: SCOPUS-000153 | B7: SCOPUS-000153-1 | C7: PAN | D7: mIoU | E7: mIoU | F7: 77.93
A8: SCOPUS-000522 | B8: SCOPUS-000522-3 | C8: RetinaNet | D8: mAP@0.5 | E8: mAP@0.5 | F8: 90.354
A9: SCOPUS-000487 | B9: SCOPUS-000487-4 | C9: Bonnet Original | D9: mIoU | E9: mIoU | F9: 70
A10: SCOPUS-000328 | B10: SCOPUS-000328-2 | C10: Baseline (paper's own base architecture, Table 4) | D10: mIoU | E10: mIoU | F10: 88.53
A11: SCOPUS-000234 | B11: SCOPUS-000234-1 | C11: YOLOv3 | D11: mAP@0.5 | E11: mAP@0.5 | F11: 73.1
A12: SCOPUS-000220 | B12: SCOPUS-000220-2 | C12: YOLOv8n | D12: mAP@0.5 | E12: mAP@0.5 | F12: 88.3
A13: SCOPUS-000211 | B13: SCOPUS-000211-2 | C13: YOLOV5 | D13: mAP (threshold unspecified) | E13: mAP (unspecified threshold) | F13: 91.6
A14: SCOPUS-000195 | B14: SCOPUS-000195-1 | C14: ResNet152 (Model 2) | D14: Accuracy | E14: Accuracy | F14: 40
A15: SCOPUS-000139 | B15: SCOPUS-000139-3 | C15: YOLOv9s (Real data only) | D15: mAP@0.5 | E15: mAP@0.5 | F15: 88.7
... A161: SCOPUS-000700 | B161: SCOPUS-000700-T1 | C161: ResNet50, standard cross-entropy, Sugar Beets weed class | D161: F1 score (weed class) | E161: F1 score | F161: 26

Sheet 8-Mitigation Performance Result
A1: Mitigation-Results
A2: Gain = each model's performance minus its study's selected baseline, in percentage points. Zero and negative differences are retained; check Audit for comparability.
A3: Study ID | B3: Study Instance ID | C3: Mitigation Modules | D3: Metric | E3: Metric Family | F3: Mitigation (%) | G3: Gain
A4: SCOPUS-000349 | B4: SCOPUS-000349-1 | C4: NoRGN (frame-trained, test-field orthophoto) | D4: mIoU | E4: mIoU | F4: 56.8 | G4: =ROUND(VALUE(F4)-'7-Baseline Performance Results'!F4,4)
A5: SCOPUS-000349 | B5: SCOPUS-000349-2 | C5: SynthFakeRGNnoTL (frame-trained, test-field orthophoto) | D5: mIoU | E5: mIoU | F5: 55.9 | G5: =ROUND(VALUE(F5)-'7-Baseline Performance Results'!F4,4)
A6: SCOPUS-000349 | B6: SCOPUS-000349-3 | C6: SynthFakeRGN+TL (frame-trained, test-field orthophoto) | D6: mIoU | E6: mIoU | F6: 60.4 | G6: =ROUND(VALUE(F6)-'7-Baseline Performance Results'!F4,4)
A7: SCOPUS-000349 | B7: SCOPUS-000349-4 | C7: TrueRGN (not tested on held-out test field) | D7: mIoU | E7: mIoU
A8: SCOPUS-000473 | B8: SCOPUS-000473-1 | C8: ViT-B-16 | D8: Accuracy | E8: Accuracy | F8: 91.1 | G8: =ROUND(VALUE(F8)-'7-Baseline Performance Results'!F5,4)
A9: SCOPUS-000473 | B9: SCOPUS-000473-2 | C9: ConvNeXt-Base-SSL with skip connections | D9: Accuracy | E9: Accuracy | F9: 92.33 | G9: =ROUND(VALUE(F9)-'7-Baseline Performance Results'!F5,4)
A10: SCOPUS-000722 | B10: SCOPUS-000722-1 | C10: Proposed | D10: mIoU | E10: mIoU | F10: 76.79226 | G10: =ROUND(VALUE(F10)-'7-Baseline Performance Results'!F6,4)
A11: SCOPUS-000153 | B11: SCOPUS-000153-1 | C11: DeepLabV3 | D11: mIoU | E11: mIoU | F11: 84.69 | G11: =ROUND(VALUE(F11)-'7-Baseline Performance Results'!F7,4)
A12: SCOPUS-000153 | B12: SCOPUS-000153-2 | C12: PSPNet | D12: mIoU | E12: mIoU | F12: 85.01 | G12: =ROUND(VALUE(F12)-'7-Baseline Performance Results'!F7,4)
A13: SCOPUS-000153 | B13: SCOPUS-000153-3 | C13: FPN | D13: mIoU | E13: mIoU | F13: 88.11 | G13: =ROUND(VALUE(F13)-'7-Baseline Performance Results'!F7,4)
A14: SCOPUS-000153 | B14: SCOPUS-000153-4 | C14: DeepLabV3+ | D14: mIoU | E14: mIoU | F14: 88.55 | G14: =ROUND(VALUE(F14)-'7-Baseline Performance Results'!F7,4)
A15: SCOPUS-000153 | B15: SCOPUS-000153-5 | C15: UPerNet | D15: mIoU | E15: mIoU | F15: 89.14 | G15: =ROUND(VALUE(F15)-'7-Baseline Performance Results'!F7,4)
A16: SCOPUS-000153 | B16: SCOPUS-000153-6 | C16: MAnet | D16: mIoU | E16: mIoU | F16: 91.95 | G16: =ROUND(VALUE(F16)-'7-Baseline Performance Results'!F7,4)
A17: SCOPUS-000153 | B17: SCOPUS-000153-7 | C17: Linknet | D17: mIoU | E17: mIoU | F17: 92.28 | G17: =ROUND(VALUE(F17)-'7-Baseline Performance Results'!F7,4)
A18: SCOPUS-000153 | B18: SCOPUS-000153-8 | C18: Unet++ | D18: mIoU | E18: mIoU | F18: 92.68 | G18: =ROUND(VALUE(F18)-'7-Baseline Performance Results'!F7,4)
A19: SCOPUS-000153 | B19: SCOPUS-000153-9 | C19: Unet | D19: mIoU | E19: mIoU | F19: 92.87 | G19: =ROUND(VALUE(F19)-'7-Baseline Performance Results'!F7,4)
A20: SCOPUS-000153 | B20: SCOPUS-000153-10 | C20: UNET-SA | D20: mIoU | E20: mIoU | F20: 94.49 | G20: =ROUND(VALUE(F20)-'7-Baseline Performance Results'!F7,4)
A21: SCOPUS-000522 | B21: SCOPUS-000522-1 | C21: YOLOv7 and Augmentation | D21: mAP@0.5 | E21: mAP@0.5 | F21: 83.085 | G21: =ROUND(VALUE(F21)-'7-Baseline Performance Results'!F8,4)
A22: SCOPUS-000522 | B22: SCOPUS-000522-2 | C22: Faster-RCNN and Augmentation | D22: mAP@0.5 | E22: mAP@0.5 | F22: 92.135 | G22: =ROUND(VALUE(F22)-'7-Baseline Performance Results'!F8,4)
A23: SCOPUS-000522 | B23: SCOPUS-000522-3 | C23: RetinaNet and Augmentation | D23: mAP@0.5 | E23: mAP@0.5 | F23: 92.755 | G23: =ROUND(VALUE(F23)-'7-Baseline Performance Results'!F8,4)
A24: SCOPUS-000487 | B24: SCOPUS-000487-1 | C24: SegNet Mixed | D24: mIoU | E24: mIoU | F24: 70 | G24: =ROUND(VALUE(F24)-'7-Baseline Performance Results'!F9,4)
A25: SCOPUS-000487 | B25: SCOPUS-000487-2 | C25: U-Net Mixed | D25: mIoU | E25: mIoU | F25: 71 | G25: =ROUND(VALUE(F25)-'7-Baseline Performance Results'!F9,4)
A26: SCOPUS-000487 | B26: SCOPUS-000487-3 | C26: UNet-ResNet Mixed | D26: mIoU | E26: mIoU | F26: 72 | G26: =ROUND(VALUE(F26)-'7-Baseline Performance Results'!F9,4)
A27: SCOPUS-000487 | B27: SCOPUS-000487-4 | C27: Bonnet Mixed | D27: mIoU | E27: mIoU | F27: 76 | G27: =ROUND(VALUE(F27)-'7-Baseline Performance Results'!F9,4)
A28: SCOPUS-000328 | B28: SCOPUS-000328-1 | C28: SEGNET | D28: mIoU | E28: mIoU | F28: 74.11 | G28: =ROUND(VALUE(F28)-'7-Baseline Performance Results'!F10,4)
A29: SCOPUS-000328 | B29: SCOPUS-000328-2 | C29: UNET | D29: mIoU | E29: mIoU | F29: 82.74 | G29: =ROUND(VALUE(F29)-'7-Baseline Performance Results'!F10,4)
A30: SCOPUS-000328 | B30: SCOPUS-000328-3 | C30: DEEPLAB3 | D30: mIoU | E30: mIoU | F30: 82.57 | G30: =ROUND(VALUE(F30)-'7-Baseline Performance Results'!F10,4)
A31: SCOPUS-000328 | B31: SCOPUS-000328-4 | C31: CED-NET | D31: mIoU | E31: mIoU | F31: 83.44 | G31: =ROUND(VALUE(F31)-'7-Baseline Performance Results'!F10,4)
A32: SCOPUS-000328 | B32: SCOPUS-000328-5 | C32: MTS-CNN | D32: mIoU | E32: mIoU | F32: 91.64 | G32: =ROUND(VALUE(F32)-'7-Baseline Performance Results'!F10,4)
A33: SCOPUS-000328 | B33: SCOPUS-000328-6 | C33: MFRWF CWF | D33: mIoU | E33: mIoU | F33: 91.64 | G33: =ROUND(VALUE(F33)-'7-Baseline Performance Results'!F10,4)
A34: SCOPUS-000234 | B34: SCOPUS-000234-1 | C34: YOLOv4-tiny | D34: mAP@0.5 | E34: mAP@0.5 | F34: 75.8 | G34: =ROUND(VALUE(F34)-'7-Baseline Performance Results'!F11,4)
A35: SCOPUS-000234 | B35: SCOPUS-000234-2 | C35: YOLOv5s | D35: mAP@0.5 | E35: mAP@0.5 | F35: 74 | G35: =ROUND(VALUE(F35)-'7-Baseline Performance Results'!F11,4)
A36: SCOPUS-000234 | B36: SCOPUS-000234-3 | C36: YOLOv7 | D36: mAP@0.5 | E36: mAP@0.5 | F36: 78.3 | G36: =ROUND(VALUE(F36)-'7-Baseline Performance Results'!F11,4)
A37: SCOPUS-000234 | B37: SCOPUS-000234-4 | C37: YOLOv9 | D37: mAP@0.5 | E37: mAP@0.5 | F37: 78.4 | G37: =ROUND(VALUE(F37)-'7-Baseline Performance Results'!F11,4)
A38: SCOPUS-000234 | B38: SCOPUS-000234-5 | C38: YOLOv8-C2f_M3-BiFPN-MPDIoU | D38: mAP@0.5 | E38: mAP@0.5 | F38: 89.7 | G38: =ROUND(VALUE(F38)-'7-Baseline Performance Results'!F11,4)
A39: SCOPUS-000220 | B39: SCOPUS-000220-2 | C39: YOLO-SW | D39: mAP@0.5 | E39: mAP@0.5 | F39: 92.3 | G39: =ROUND(VALUE(F39)-'7-Baseline Performance Results'!F12,4)
A40: SCOPUS-000211 | B40: SCOPUS-000211-1 | C40: HAD-YOLO | D40: mAP (threshold unspecified) | E40: mAP (unspecified threshold) | F40: 94.2 | G40: =ROUND(VALUE(F40)-'7-Baseline Performance Results'!F13,4)
A41: SCOPUS-000195 | B41: SCOPUS-000195-1 | C41: Improved EfficientNetB0 (Model 5) | D41: Accuracy | E41: Accuracy | F41: 94.06 | G41: =ROUND(VALUE(F41)-'7-Baseline Performance Results'!F14,4)
A42: SCOPUS-000045 | B42: SCOPUS-000045-1 | C42: Mixed (RGB) | D42: mIoU | E42: mIoU | F42: 78 | G42: =ROUND(VALUE(F42)-'7-Baseline Performance Results'!F16,4)
A43: SCOPUS-000045 | B43: SCOPUS-000045-2 | C43: Mixed (RGB + NIR) | D43: mIoU | E43: mIoU | F43: 82 | G43: =ROUND(VALUE(F43)-'7-Baseline Performance Results'!F16,4)
A44: SCOPUS-000031 | B44: SCOPUS-000031-1 | C44: Deeplabv3 | D44: mIoU | E44: mIoU | F44: 53.66 | G44: =ROUND(VALUE(F44)-'7-Baseline Performance Results'!F17,4)
A45: SCOPUS-000031 | B45: SCOPUS-000031-2 | C45: Specialized-CNN | D45: mIoU | E45: mIoU | F45: 54.2 | G45: =ROUND(VALUE(F45)-'7-Baseline Performance Results'!F17,4)
A46: SCOPUS-000031 | B46: SCOPUS-000031-3 | C46: Knet | D46: mIoU | E46: mIoU | F46: 56.86 | G46: =ROUND(VALUE(F46)-'7-Baseline Performance Results'!F17,4)
A47: SCOPUS-000031 | B47: SCOPUS-000031-4 | C47: Swin-Transformer | D47: mIoU | E47: mIoU | F47: 58.18 | G47: =ROUND(VALUE(F47)-'7-Baseline Performance Results'!F17,4)
A48: SCOPUS-000031 | B48: SCOPUS-000031-5 | C48: SegFormer | D48: mIoU | E48: mIoU | F48: 58.49 | G48: =ROUND(VALUE(F48)-'7-Baseline Performance Results'!F17,4)
A49: SCOPUS-000031 | B49: SCOPUS-000031-6 | C49: SWFormer | D49: mIoU | E49: mIoU | F49: 61.24 | G49: =ROUND(VALUE(F49)-'7-Baseline Performance Results'!F17,4)
A50: SCOPUS-000014 | B50: SCOPUS-000014-1 | C50: Faster R-CNN | D50: mAP@0.5 | E50: mAP@0.5 | F50: 62.9 | G50: =ROUND(VALUE(F50)-'7-Baseline Performance Results'!F18,4)
A51: SCOPUS-000014 | B51: SCOPUS-000014-2 | C51: YOLOv8n | D51: mAP@0.5 | E51: mAP@0.5 | F51: 66.5 | G51: =ROUND(VALUE(F51)-'7-Baseline Performance Results'!F18,4)
A52: SCOPUS-000014 | B52: SCOPUS-000014-3 | C52: HDMS-YOLO | D52: mAP@0.5 | E52: mAP@0.5 | F52: 71.2 | G52: =ROUND(VALUE(F52)-'7-Baseline Performance Results'!F18,4)
A53: SCOPUS-000544 | B53: SCOPUS-000544-1 | C53: ResNet101 backbone (with data enhancement) | D53: mIoU | E53: mIoU | F53: 60.7 | G53: =ROUND(VALUE(F53)-'7-Baseline Performance Results'!F19,4)
A58: SCOPUS-000592 | B58: SCOPUS-000592-1 | C58: DeepLab-V3+ | D58: mIoU | E58: mIoU | F58: 84.36 | G58: =ROUND(VALUE(F58)-'7-Baseline Performance Results'!F20,4)
A59: SCOPUS-000592 | B59: SCOPUS-000592-2 | C59: SL-Net | D59: mIoU | E59: mIoU | F59: 87.3 | G59: =ROUND(VALUE(F59)-'7-Baseline Performance Results'!F20,4)
A60: SCOPUS-000475 | B60: SCOPUS-000475-1 | C60: FCN | D60: mIoU | E60: mIoU | F60: 64.68 | G60: =ROUND(VALUE(F60)-'7-Baseline Performance Results'!F22,4)
A61: SCOPUS-000475 | B61: SCOPUS-000475-2 | C61: HRNet | D61: mIoU | E61: mIoU | F61: 76.07 | G61: =ROUND(VALUE(F61)-'7-Baseline Performance Results'!F22,4)
A62: SCOPUS-000475 | B62: SCOPUS-000475-3 | C62: SegFormer | D62: mIoU | E62: mIoU | F62: 79.23 | G62: =ROUND(VALUE(F62)-'7-Baseline Performance Results'!F22,4)
A63: SCOPUS-000475 | B63: SCOPUS-000475-4 | C63: DeepLabv3+ | D63: mIoU | E63: mIoU | F63: 79.28 | G63: =ROUND(VALUE(F63)-'7-Baseline Performance Results'!F22,4)
A64: SCOPUS-000475 | B64: SCOPUS-000475-5 | C64: UNet | D64: mIoU | E64: mIoU | F64: 81.2 | G64: =ROUND(VALUE(F64)-'7-Baseline Performance Results'!F22,4)
A65: SCOPUS-000475 | B65: SCOPUS-000475-6 | C65: Proposed Model | D65: mIoU | E65: mIoU | F65: 84.28 | G65: =ROUND(VALUE(F65)-'7-Baseline Performance Results'!F22,4)
A66: SCOPUS-000399 | B66: SCOPUS-000399-1 | C66: SN-GAN | D66: Accuracy | E66: Accuracy | F66: 81.77
A67: SCOPUS-000399 | B67: SCOPUS-000399-2 | C67: CA-GAN | D67: Accuracy | E67: Accuracy | F67: 82.63
A68: SCOPUS-000323 | B68: SCOPUS-000323-1 | C68: MobileNet | D68: Accuracy | E68: Accuracy | F68: 87.01 | G68: =ROUND(VALUE(F68)-'7-Baseline Performance Results'!F24,4)
A69: SCOPUS-000323 | B69: SCOPUS-000323-2 | C69: EfficientNet | D69: Accuracy | E69: Accuracy | F69: 87.47 | G69: =ROUND(VALUE(F69)-'7-Baseline Performance Results'!F24,4)
A70: SCOPUS-000323 | B70: SCOPUS-000323-3 | C70: AlexNet | D70: Accuracy | E70: Accuracy | F70: 89.33 | G70: =ROUND(VALUE(F70)-'7-Baseline Performance Results'!F24,4)
A71: SCOPUS-000323 | B71: SCOPUS-000323-4 | C71: ResNet18 | D71: Accuracy | E71: Accuracy | F71: 90.72 | G71: =ROUND(VALUE(F71)-'7-Baseline Performance Results'!F24,4)
A72: SCOPUS-000323 | B72: SCOPUS-000323-5 | C72: Xception | D72: Accuracy | E72: Accuracy | F72: 90.95 | G72: =ROUND(VALUE(F72)-'7-Baseline Performance Results'!F24,4)
A73: SCOPUS-000323 | B73: SCOPUS-000323-6 | C73: ResNet34 | D73: Accuracy | E73: Accuracy | F73: 94.43 | G73: =ROUND(VALUE(F73)-'7-Baseline Performance Results'!F24,4)
A74: SCOPUS-000323 | B74: SCOPUS-000323-7 | C74: DenseNet169 | D74: Accuracy | E74: Accuracy | F74: 94.59 | G74: =ROUND(VALUE(F74)-'7-Baseline Performance Results'!F24,4)
A75: SCOPUS-000323 | B75: SCOPUS-000323-8 | C75: Proposed Network | D75: Accuracy | E75: Accuracy | F75: 99.07 | G75: =ROUND(VALUE(F75)-'7-Baseline Performance Results'!F24,4)
A76: SCOPUS-000295 | B76: SCOPUS-000295-1 | C76: DINO | D76: mAP@0.5 | E76: mAP@0.5 | F76: 87.8 | G76: =ROUND(VALUE(F76)-'7-Baseline Performance Results'!F25,4)
A77: SCOPUS-000295 | B77: SCOPUS-000295-2 | C77: Dynamic R-CNN-R50 | D77: mAP@0.5 | E77: mAP@0.5 | F77: 93.3 | G77: =ROUND(VALUE(F77)-'7-Baseline Performance Results'!F25,4)
A78: SCOPUS-000295 | B78: SCOPUS-000295-3 | C78: AutoAssign-R50 | D78: mAP@0.5 | E78: mAP@0.5 | F78: 94.1 | G78: =ROUND(VALUE(F78)-'7-Baseline Performance Results'!F25,4)
A79: SCOPUS-000295 | B79: SCOPUS-000295-4 | C79: FreeAnchor-R50 | D79: mAP@0.5 | E79: mAP@0.5 | F79: 94.5 | G79: =ROUND(VALUE(F79)-'7-Baseline Performance Results'!F25,4)
A80: SCOPUS-000295 | B80: SCOPUS-000295-5 | C80: Grid R-CNN | D80: mAP@0.5 | E80: mAP@0.5 | F80: 94.9 | G80: =ROUND(VALUE(F80)-'7-Baseline Performance Results'!F25,4)
A81: SCOPUS-000295 | B81: SCOPUS-000295-6 | C81: GFL | D81: mAP@0.5 | E81: mAP@0.5 | F81: 95.1 | G81: =ROUND(VALUE(F81)-'7-Baseline Performance Results'!F25,4)
A82: SCOPUS-000295 | B82: SCOPUS-000295-7 | C82: TOOD-R50 | D82: mAP@0.5 | E82: mAP@0.5 | F82: 95.1 | G82: =ROUND(VALUE(F82)-'7-Baseline Performance Results'!F25,4)
A83: SCOPUS-000295 | B83: SCOPUS-000295-8 | C83: ATSS-R50 | D83: mAP@0.5 | E83: mAP@0.5 | F83: 95.4 | G83: =ROUND(VALUE(F83)-'7-Baseline Performance Results'!F25,4)
A84: SCOPUS-000295 | B84: SCOPUS-000295-9 | C84: FSAF | D84: mAP@0.5 | E84: mAP@0.5 | F84: 95.8 | G84: =ROUND(VALUE(F84)-'7-Baseline Performance Results'!F25,4)
A85: SCOPUS-000295 | B85: SCOPUS-000295-10 | C85: Cascade R-CNN-R50-FPN | D85: mAP@0.5 | E85: mAP@0.5 | F85: 96 | G85: =ROUND(VALUE(F85)-'7-Baseline Performance Results'!F25,4)
A86: SCOPUS-000295 | B86: SCOPUS-000295-11 | C86: Faster R-CNN-R50-FPN-CIOU | D86: mAP@0.5 | E86: mAP@0.5 | F86: 96.5 | G86: =ROUND(VALUE(F86)-'7-Baseline Performance Results'!F25,4)
A87: SCOPUS-000295 | B87: SCOPUS-000295-12 | C87: YOLOv9t | D87: mAP@0.5 | E87: mAP@0.5 | F87: 97.9 | G87: =ROUND(VALUE(F87)-'7-Baseline Performance Results'!F25,4)
A88: SCOPUS-000295 | B88: SCOPUS-000295-2 | C88: CD-YOLOv10 | D88: mAP@0.5 | E88: mAP@0.5 | F88: 98.1 | G88: =ROUND(VALUE(F88)-'7-Baseline Performance Results'!F25,4)
A89: SCOPUS-000295 | B89: SCOPUS-000295-14 | C89: YOLOX-Tiny | D89: mAP@0.5 | E89: mAP@0.5 | F89: 98.2 | G89: =ROUND(VALUE(F89)-'7-Baseline Performance Results'!F25,4)
A90: SCOPUS-000295 | B90: SCOPUS-000295-15 | C90: RT-DETR-R18 | D90: mAP@0.5 | E90: mAP@0.5 | F90: 98.2 | G90: =ROUND(VALUE(F90)-'7-Baseline Performance Results'!F25,4)
A91: SCOPUS-000611 | B91: SCOPUS-000611-1 | C91: Quantized Model | D91: Accuracy | E91: Accuracy | F91: 87 | G91: =ROUND(VALUE(F91)-'7-Baseline Performance Results'!F26,4)
A92: SCOPUS-000738 | B92: SCOPUS-000738-1 | C92: Unet | D92: Pixel-wise accuracy; different unit | E92: Accuracy | F92: 79.2
A93: SCOPUS-000738 | B93: SCOPUS-000738-2 | C93: Patch classifier, NGB (3 channels) | D93: Accuracy (patch test) | E93: Accuracy | F93: 86.3 | G93: =ROUND(VALUE(F93)-'7-Baseline Performance Results'!F27,4)
A94: SCOPUS-000114 | B94: SCOPUS-000114-1 | C94: Random forest | D94: Accuracy | E94: Accuracy | F94: 86.5 | G94: =ROUND(VALUE(F94)-'7-Baseline Performance Results'!F28,4)
A95: SCOPUS-000114 | B95: SCOPUS-000114-2 | C95: Traditional CNN | D95: Accuracy | E95: Accuracy | F95: 89.2 | G95: =ROUND(VALUE(F95)-'7-Baseline Performance Results'!F28,4)
A96: SCOPUS-000114 | B96: SCOPUS-000114-3 | C96: ResNet-50 | D96: Accuracy | E96: Accuracy | F96: 92.4 | G96: =ROUND(VALUE(F96)-'7-Baseline Performance Results'!F28,4)
A97: SCOPUS-000114 | B97: SCOPUS-000114-4 | C97: EnviroWeedNet | D97: Accuracy | E97: Accuracy | F97: 94.5 | G97: =ROUND(VALUE(F97)-'7-Baseline Performance Results'!F28,4)
A98: SCOPUS-000366 | B98: SCOPUS-000366-1 | C98: HOG | D98: Accuracy | E98: Accuracy | F98: 81 | G98: =ROUND(VALUE(F98)-'7-Baseline Performance Results'!F29,4)
A99: SCOPUS-000366 | B99: SCOPUS-000366-2 | C99: MobileNet | D99: Accuracy | E99: Accuracy | F99: 88 | G99: =ROUND(VALUE(F99)-'7-Baseline Performance Results'!F29,4)
A100: SCOPUS-000366 | B100: SCOPUS-000366-3 | C100: MobileNetV2 features + SVM | D100: Accuracy | E100: Accuracy | F100: 95 | G100: =ROUND(VALUE(F100)-'7-Baseline Performance Results'!F29,4)
A101: SCOPUS-000283 | B101: SCOPUS-000283-1 | C101: YOLOv8 | D101: mAP@0.5 | E101: mAP@0.5 | F101: 83.9 | G101: =ROUND(VALUE(F101)-'7-Baseline Performance Results'!F31,4)
A102: SCOPUS-000283 | B102: SCOPUS-000283-2 | C102: Faster R-CNN | D102: mAP@0.5 | E102: mAP@0.5 | F102: 85.3 | G102: =ROUND(VALUE(F102)-'7-Baseline Performance Results'!F31,4)
A103: SCOPUS-000283 | B103: SCOPUS-000283-2 | C103: YOLOv11-SNEW | D103: mAP@0.5 | E103: mAP@0.5 | F103: 91.4 | G103: =ROUND(VALUE(F103)-'7-Baseline Performance Results'!F31,4)
A104: SCOPUS-000276 | B104: SCOPUS-000276-1 | C104: FEAT | D104: Accuracy | E104: Accuracy | F104: 63.1 | G104: =ROUND(VALUE(F104)-'7-Baseline Performance Results'!F32,4)
...

Sheet 9-Quality & Risk of Bias
A1: Domain | B1: Training-Data Barriers (RQ1) | D1: Mitigation Strategy (RQ2) | F1: Performance Reporting (RQ3 & RQ4) | J1: Experimental Context (Moderators) | N1: Methodological Credibility (RQ5) | S1: Synthetic Image Methods (RQ6) | U1: Assessment Judgments
A2: Study ID | B2: Is the specific training-data barrier(s) clearly identified and described? | C2: Is the prevalence or severity of the barrier quantified or well justified? | D2: Is the mitigation strategy clearly named and described? | E2: Is the link between the barrier and the chosen strategy explicitly justified? | F2: Are absolute performance values (before and after mitigation) reported with clear metrics? | G2: Is the baseline performance (without the mitigation) clearly reported? | H2: Is the performance gain calculated and reported transparently? | I2: Are performance results supported by uncertainty/variability evidence such as repeated runs, folds, SD, CI, or multiple seeds? | J2: Is the experimental environment clearly stated (field / UAV / greenhouse / lab / controlled)? | K2: Is dataset size (number of images or instances) clearly reported? | L2: Is the computer-vision task clearly specified (Detection / Classification / Segmentation)? | M2: Is the evaluation dataset reasonably representative of the intended operating conditions? | N2: Was a proper independent test set (or external validation) used? | O2: Was data leakage prevented? | P2: Were appropriate metrics used for the task? | Q2: Are limitations of the training data and mitigation strategy discussed? | R2: Are training/validation/test samples separated sufficiently to avoid closely related images or acquisition groups appearing across splits? | S2: If synthetic images were used, is the generation method clearly described? | T2: Is a fair comparison with non-synthetic alternatives provided? | U2: Domain-level Concern | V2: Overall Risk of Bias | W2: Applicability / Generalizability Concern
A3: SCOPUS-000349 | B3: Yes | C3: Yes | D3: Yes | E3: Yes | F3: Yes | G3: Yes | H3: Yes | I3: No | J3: Yes | K3: Yes | L3: Yes | M3: Partial | N3: Yes | O3: Yes | P3: Yes | Q3: Yes | R3: Yes | S3: Yes | T3: Yes | U3: Some concerns | V3: Low | W3: Some concerns
A4: SCOPUS-000473 | B4: Yes | C4: Yes | D4: Yes | E4: Yes | F4: Yes | G4: Yes | H4: Yes | I4: Unclear | J4: Yes | K4: Yes | L4: Yes | M4: Yes | N4: Yes | O4: Partial | P4: Yes | Q4: Yes | R4: Unclear | S4: N/A | T4: N/A | U4: Some concerns | V4: Low | W4: Low
A5: SCOPUS-000722 | B5: Yes | C5: Yes | D5: Yes | E5: Yes | F5: Yes | G5: Yes | H5: Partial | I5: No | J5: Yes | K5: Yes | L5: Yes | M5: Partial | N5: Yes | O5: Unclear | P5: Yes | Q5: Yes | R5: Unclear | S5: N/A | T5: N/A | U5: Some concerns | V5: Some concerns | W5: Some concerns
A6: SCOPUS-000153 | B6: Yes | C6: Yes | D6: Yes | E6: Yes | F6: Yes | G6: Yes | H6: Yes | I6: No | J6: Yes | K6: Yes | L6: Yes | M6: Yes | N6: Yes | O6: Yes | P6: Yes | Q6: Yes | R6: Yes | S6: N/A | T6: N/A | U6: Low | V6: Low | W6: Low
A7: SCOPUS-000522 | B7: Yes | C7: Partial | D7: Yes | E7: Yes | F7: Yes | G7: Yes | H7: Partial | I7: No | J7: Yes | K7: Yes | L7: Yes | M7: Yes | N7: Yes | O7: Unclear | P7: Yes | Q7: Partial | R7: Unclear | S7: N/A | T7: N/A | U7: Some concerns | V7: Some concerns | W7: Low
A8: SCOPUS-000487 | B8: Yes | C8: Yes | D8: Yes | E8: Yes | F8: Yes | G8: Yes | H8: Yes | I8: No | J8: Yes | K8: Yes | L8: Yes | M8: Yes | N8: Yes | O8: Unclear | P8: Yes | Q8: Partial | R8: Unclear | S8: Yes | T8: Yes | U8: Some concerns | V8: Some concerns | W8: Low
A9: SCOPUS-000328 | B9: Yes | C9: Partial | D9: Yes | E9: Yes | F9: Yes | G9: Yes | H9: Partial | I9: No | J9: Yes | K9: Yes | L9: Yes | M9: Yes | N9: Yes | O9: Unclear | P9: Yes | Q9: Partial | R9: Unclear | S9: N/A | T9: N/A | U9: Some concerns | V9: Some concerns | W9: Low
A10: SCOPUS-000256 | B10: Yes | C10: Yes | D10: Yes | E10: Yes | F10: Yes | G10: Yes | H10: Yes | I10: No | J10: Yes | K10: Yes | L10: Yes | M10: Partial | N10: Yes | O10: Unclear | P10: Yes | Q10: Partial | R10: Unclear | S10: N/A | T10: N/A | U10: Some concerns | V10: Some concerns | W10: Some concerns
A11: SCOPUS-000234 | B11: Yes | C11: Yes | D11: Yes | E11: Yes | F11: Yes | G11: Yes | H11: Yes | I11: No | J11: Yes | K11: Yes | L11: Yes | M11: Partial | N11: Yes | O11: Partial | P11: Yes | Q11: Partial | R11: Unclear | S11: N/A | T11: N/A | U11: Some concerns | V11: Some concerns | W11: Some concerns
A12: SCOPUS-000220 | B12: Yes | C12: Yes | D12: Yes | E12: Yes | F12: Yes | G12: Yes | H12: Yes | I12: No | J12: Yes | K12: Yes | L12: Yes | M12: Partial | N12: Yes | O12: Unclear | P12: Yes | Q12: Partial | R12: Unclear | S12: N/A | T12: N/A | U12: Some concerns | V12: Some concerns | W12: Some concerns
A13: SCOPUS-000211 | B13: Yes | C13: Yes | D13: Yes | E13: Yes | F13: Yes | G13: Yes | H13: Yes | I13: No | J13: Yes | K13: Yes | L13: Yes | M13: Yes | N13: Yes | O13: Unclear | P13: Yes | Q13: Yes | R13: Unclear | S13: N/A | T13: N/A | U13: Some concerns | V13: Some concerns | W13: Low
... A156: WEBSCI-000559 | B156: Yes | C156: Yes | D156: Yes | E156: Yes | F156: Yes | G156: Yes | H156: Yes | I156: No | J156: Yes | K156: Yes | L156: Yes | M156: Partial | N156: Partial | O156: Unclear | P156: Yes | Q156: Yes | R156: Unclear | S156: N/A | T156: N/A | U156: Some concerns | V156: Some concerns | W156: Some concerns

Sheet 10-Source & Justification
A1: Source & Justification
A2: One row per paper -- where each performance number came from and why the mitigation was linked to it
A3: Study ID | B3: Source of Baseline | C3: Source of Best Performance | D3: Why Provided Mitigation
A4: SCOPUS-000349 | B4: Table II | C4: Table II | D4: Transfer learning is used to synthesize NIR/RGN information from RGB so the system can retain multispectral segmentation benefits while removing the extra multispectral camera, reducing hardware cost, weight, and power for practical edge deployment.
A5: SCOPUS-000473 | B5: Table 2 (without SCs, test Accuracy) | C5: Table 2 (with SCs, test Accuracy) | D5: Skip connections in the semi-supervised ConvNeXt encoder-decoder improved test accuracy under the same 20% labeled-data training conditions; this mitigation is inferred from the direct ablation.
A6: SCOPUS-000722 | B6: Table 2 | C6: Table 2 | D6: The loss and model design address extreme class imbalance and very small flea-beetle damage regions, increasing attention to poorly represented classes while preserving crop/weed segmentation boundaries.
A7: SCOPUS-000153 | B7: Table 4 | C7: Table 7 | D7: HSV mask enhancement is used to reduce annotation errors, while spatial attention is added to U-Net to focus on small or overlapping crop–weed regions and fine boundaries while suppressing irrelevant background information.
A8: SCOPUS-000522 | B8: Table 5 | C8: Table 5 | D8: RetinaNet and data augmentation are used to obtain fast one-step weed detection and classification under variable field conditions and visually similar weed species, improving robustness for real-time site-specific weed management.
A9: SCOPUS-000487 | B9: Table 3 | C9: Table 3 | D9: Synthetic multispectral crop/weed samples are generated to enlarge and diversify the small, costly pixel-wise annotated training set; mixing synthetic and real images is intended to improve segmentation generalization without equivalent manual labeling effort.
A10: SCOPUS-000328 | B10: Table 4 BoniRob own ablation: baseline mIoU 0.8853 | C10: Table 4 BoniRob own ablation: MFRWF–CWF mIoU 0.9164 | D10: The attention-based MFRWF module suppresses irrelevant background clutter and re-weights crop/weed features, while the CWF decoder preserves contextual information and limits feature distortion with low computational and memory overhead.
A11: SCOPUS-000256 | B11: Table 1 (no modules; mAP threshold unspecified) | C11: Table 1 (all modules; mAP threshold unspecified) | D11: Architecture modification in YOLO-Riny combines FasterNet, CARAFE and RepBlock for lighter, more accurate weed detection; Table 1 is the direct ablation. ByteTrack tracking outcomes are separate and not part of this mAP gain.
A12: SCOPUS-000234 | B12: Table 4 | C12: Table 4 | D12: MobileViTv3, BiFPN, and MPDIoU are introduced to handle dense, mutually occluded wheat and weeds of inconsistent sizes by combining local/global features, strengthening multi-scale fusion and small-target detection, and improving loss convergence.
A13: SCOPUS-000220 | B13: Table 2 | C13: Table 2 | D13: Swin Transformer, CARAFE, and the RT-DETR encoder are combined to improve global-context capture, preserve small-target details, reduce background and lighting interference, and maintain real-time performance for edge-deployed soybean weed detection.
A14: SCOPUS-000211 | B14: Table 2 (ablation) | C14: Table 2 (ablation) | D14: The HAD-YOLO modifications strengthen multi-scale and small-target feature extraction while making the backbone more lightweight and improving detection-head representation, addressing the difficulty of balancing weed-detection accuracy and speed.
... A157: WEBSCI-000559 | B157: Table 2 Our method Without transfer learning Accuracy = 80.00% (same MWFI testing split) | C157: Table 2 / Table 1 Our method Two-stage transfer learning Accuracy = 99.18%; ImageNet PT only = 98.57%; Table 1/3 Swin Transformer two-stage (no contrastive) = 97.96% | D157: Maize seedlings and weeds share leaf shape, MWFI has only 1632 labelled field photos, and class counts are uneven. Two-stage ImageNet→Plant Seedlings→MWFI transfer, Swin window attention, contrastive loss, and mosaic/rotation/brightness/noise augmentation are the remedies. Fair same-architecture control is Our method without TL (80.00%), not VGG-16 96.12% (weakest two-stage CNN in Table 1). Best eligible-metric model is Our method two-stage 99.18%.
